label,fp,dd,untainting,Explor SAT,Explor UNSAT,Explor other,Explor total,Explor time,CF SAT,CF UNSAT,CF other,CF total,CF time,Mem SAT,Mem UNSAT,Mem other,Mem total,Mem time,Insec SAT,Insec UNSAT,Insec other,Insec total,Insec time,Model total,Model time,Enum total,Enum time,Total SAT,Total UNSAT,Total other,Total total,Total time,average query size,max query size,done checks,spared checks,paths,conditions,forks,dba_instructions,x86instructions,wall time,violations,status,exit code,MAX_DEPTH,MAX_PATH,TIMEOUT,store,canonical,mem_type,solver,bopt
des_tab,Instr,1,0,105,93,0,198,4.709367,0,104,0,104,2.403474,8,1996,0,2004,47.596192,8,2100,0,2108,49.999665,0,0.000000,0,0.000000,113,2193,0,2306,54.709032,161182.876843,316018,2626,4300,1,0,93,28133,5187,724.198364,8,0000,7,0,0,inf,self-comp,0,std,boolector,0
des_tab,Instr,1,0,105,93,0,198,4.806341,0,87,0,87,2.163539,8,1921,0,1929,46.858662,8,2008,0,2016,49.022201,0,0.000000,0,0.000000,113,2101,0,2214,53.828542,155184.096658,297340,2527,4399,1,0,93,28133,5187,672.334769,8,0000,7,0,0,inf,shadow,0,std,boolector,0
des_tab,Instr,1,1,105,93,0,198,4.802804,0,87,0,87,2.157880,8,155,0,163,4.046952,8,242,0,250,6.204832,0,0.000000,0,0.000000,113,335,0,448,11.007636,148734.502232,296100,754,6172,1,0,93,28133,5187,132.134093,8,0000,7,0,0,inf,shadow,0,std,boolector,0
des_tab,Block,1,1,105,93,0,198,4.821468,0,0,0,0,0.000000,0,0,0,0,0.000000,1,25,0,26,0.814276,0,0.000000,0,0.000000,106,118,0,224,5.635744,147314.830357,296434,796,2041,1,0,93,28133,5187,66.124090,1,0000,7,0,0,inf,shadow,0,std,boolector,0
des_tab,Instr,1,0,5,4,0,9,0.224360,0,2,0,2,0.053330,8,0,0,8,0.414149,8,2,0,10,0.467479,0,0.000000,0,0.000000,13,6,0,19,0.691839,121422.684211,293281,514,6412,1,0,93,28133,5187,4.480398,8,0000,7,0,0,inf,shadow,1,row-map,boolector,0
des_tab,Instr,1,1,5,4,0,9,0.213745,0,2,0,2,0.053513,8,0,0,8,0.396815,8,2,0,10,0.450328,0,0.000000,0,0.000000,13,6,0,19,0.664073,121419.947368,293273,514,6412,1,0,93,28133,5187,4.409713,8,0000,7,0,0,inf,shadow,1,row-map,boolector,0
des_tab,Block,1,1,5,4,0,9,0.223420,0,0,0,0,0.000000,0,0,0,0,0.000000,1,2,0,3,0.128302,0,0.000000,0,0.000000,6,6,0,12,0.351722,184138.583333,293273,514,2323,1,0,93,28133,5187,3.889318,1,0000,7,0,0,inf,shadow,1,row-map,boolector,0
des_tab,Instr,1,0,105,93,0,198,0.188054,0,87,0,87,0.029781,8,1921,0,1929,1.001093,8,2008,0,2016,1.030874,0,0.000000,0,0.000000,113,2101,0,2214,1.218927,50.622403,16996,2527,4399,1,0,93,28133,5187,883.148109,8,0000,7,0,0,inf,shadow,0,std,boolector,1
